Publicação;Tiragem total;Saldo;;;;;
Cad. Orient. Fundação Casa;360;360;;;;;
CT 38;600;600;;;;;
CT 39;600;600;;;;;
CT 40;1200;1200;;;;;
Guia Acessibilidade;1200;1200;;;;;
"Cartilha Psicologia e Serviço Social nas Redes
Públicas";2640;2640;;;;;
Código de Ética 2022;24000;24000;;;;;
Documento de Orientação População Bissexual;1200;1200;;;;;
Manifesto Linguagem Neutra;600;600;;;;;
Manual da Psicologia e Direitos Humanos;3300;3300;;;;;
Psicologia e Assistentes Sociais na Educação Básica;1320;1320;;;;;
Nota Técnica Intersexo;1200;1200;;;;;
Referências Técnicas para atuação na Educação Básica;600;600;;;;;
Manual de Documentos Escritos;12000;12000;;;;;
CRP SP Orienta;3600;3600;;;;;
Manual de Representação;1320;1320;;;;;
Manual da COF;360;360;;;;;
Código de Processamento Disciplinar;360;360;;;;;
Regimento Interno;120;120;;;;;
